n_samples,k,threads,seq_time,tp_time,speedup
10000,3,1,0.043201,0.037986,1.137282
10000,3,2,0.043201,0.019493,2.216252
10000,3,3,0.043201,0.013262,3.257640
10000,3,4,0.043201,0.010025,4.309399
10000,3,5,0.043201,0.008138,5.308416
10000,3,6,0.043201,0.006824,6.330573
10000,3,7,0.043201,0.009006,4.796815
10000,3,8,0.043201,0.008018,5.388036
10000,3,9,0.043201,0.007217,5.986425
10000,3,10,0.043201,0.006587,6.558709
10000,3,11,0.043201,0.006082,7.103299
10000,3,12,0.043201,0.005653,7.642105
